-- MySQL dump 10.13  Distrib 8.0.43, for Win64 (x86_64)
--
-- Host: 127.0.0.1    Database: iti_room_booking
-- ------------------------------------------------------
-- Server version	9.5.0

/*!40101 SET @OLD_CHARACTER_SET_CLIENT=@@CHARACTER_SET_CLIENT */;
/*!40101 SET @OLD_CHARACTER_SET_RESULTS=@@CHARACTER_SET_RESULTS */;
/*!40101 SET @OLD_COLLATION_CONNECTION=@@COLLATION_CONNECTION */;
/*!50503 SET NAMES utf8 */;
/*!40103 SET @OLD_TIME_ZONE=@@TIME_ZONE */;
/*!40103 SET TIME_ZONE='+00:00' */;
/*!40014 SET @OLD_UNIQUE_CHECKS=@@UNIQUE_CHECKS, UNIQUE_CHECKS=0 */;
/*!40014 SET @OLD_FOREIGN_KEY_CHECKS=@@FOREIGN_KEY_CHECKS, FOREIGN_KEY_CHECKS=0 */;
/*!40101 SET @OLD_SQL_MODE=@@SQL_MODE, SQL_MODE='NO_AUTO_VALUE_ON_ZERO' */;
/*!40111 SET @OLD_SQL_NOTES=@@SQL_NOTES, SQL_NOTES=0 */;
SET @MYSQLDUMP_TEMP_LOG_BIN = @@SESSION.SQL_LOG_BIN;
SET @@SESSION.SQL_LOG_BIN= 0;

--
-- GTID state at the beginning of the backup 
--

SET @@GLOBAL.GTID_PURGED=/*!80000 '+'*/ 'a43a28e7-dc7d-11f0-be3e-84a938fc979c:1-614';

--
-- Table structure for table `bookings`
--

DROP TABLE IF EXISTS `bookings`;
/*!40101 SET @saved_cs_client     = @@character_set_client */;
/*!50503 SET character_set_client = utf8mb4 */;
CREATE TABLE `bookings` (
  `id` int NOT NULL AUTO_INCREMENT,
  `room_id` int NOT NULL,
  `user_id` int NOT NULL,
  `start_time` datetime NOT NULL,
  `end_time` datetime NOT NULL,
  `purpose` text,
  `status` enum('pending','approved','rejected') DEFAULT 'pending',
  PRIMARY KEY (`id`),
  KEY `fk_booking_room` (`room_id`),
  KEY `fk_booking_user` (`user_id`),
  CONSTRAINT `fk_booking_room` FOREIGN KEY (`room_id`) REFERENCES `rooms` (`id`) ON DELETE CASCADE,
  CONSTRAINT `fk_booking_user` FOREIGN KEY (`user_id`) REFERENCES `users` (`id`) ON DELETE CASCADE
) ENGINE=InnoDB AUTO_INCREMENT=502 DEFAULT CHARSET=utf8mb4 COLLATE=utf8mb4_0900_ai_ci;
/*!40101 SET character_set_client = @saved_cs_client */;

--
-- Dumping data for table `bookings`
--

LOCK TABLES `bookings` WRITE;
/*!40000 ALTER TABLE `bookings` DISABLE KEYS */;
INSERT INTO `bookings` VALUES (1,11,5,'2026-09-16 15:00:00','2026-09-16 16:00:00','Sidang Skripsi','pending'),(2,14,4,'2026-03-23 11:00:00','2026-03-23 13:00:00','Kelas Tambahan','approved'),(3,1,4,'2026-02-16 11:00:00','2026-02-16 13:00:00','Rapat Himpunan','approved'),(4,15,2,'2026-08-08 12:00:00','2026-08-08 14:00:00','Kelas Tambahan','approved'),(5,2,2,'2026-05-26 11:00:00','2026-05-26 12:00:00','Kelas Tambahan','pending'),(6,5,2,'2026-08-03 13:00:00','2026-08-03 16:00:00','Rapat Himpunan','pending'),(7,1,3,'2026-04-06 16:00:00','2026-04-06 17:00:00','Kelas Tambahan','approved'),(8,5,4,'2026-10-17 14:00:00','2026-10-17 16:00:00','Sidang Skripsi','approved'),(9,5,2,'2026-06-17 11:00:00','2026-06-17 13:00:00','Rapat Himpunan','pending'),(10,6,3,'2026-12-20 13:00:00','2026-12-20 16:00:00','Rapat Himpunan','approved'),(11,1,2,'2026-03-02 14:00:00','2026-03-02 16:00:00','Kelas Tambahan','approved'),(12,1,3,'2026-04-28 08:00:00','2026-04-28 09:00:00','Kelas Tambahan','pending'),(13,12,4,'2026-06-25 09:00:00','2026-06-25 10:00:00','Kelas Tambahan','pending'),(14,1,3,'2026-08-13 11:00:00','2026-08-13 13:00:00','Rapat Himpunan','pending'),(15,10,2,'2026-06-17 12:00:00','2026-06-17 15:00:00','Kelas Tambahan','approved'),(16,11,4,'2026-04-14 12:00:00','2026-04-14 13:00:00','Sidang Skripsi','approved'),(17,13,3,'2026-07-17 09:00:00','2026-07-17 10:00:00','Sidang Skripsi','approved'),(18,6,4,'2026-01-11 14:00:00','2026-01-11 17:00:00','Rapat Himpunan','approved'),(19,6,4,'2026-06-09 09:00:00','2026-06-09 12:00:00','Sidang Skripsi','approved'),(20,5,1,'2026-04-08 12:00:00','2026-04-08 15:00:00','Rapat Himpunan','approved'),(21,6,5,'2026-09-17 15:00:00','2026-09-17 17:00:00','Rapat Himpunan','approved'),(22,3,3,'2026-01-16 14:00:00','2026-01-16 17:00:00','Rapat Himpunan','approved'),(23,4,2,'2026-08-12 09:00:00','2026-08-12 11:00:00','Sidang Skripsi','pending'),(24,8,2,'2026-07-15 16:00:00','2026-07-15 17:00:00','Kelas Tambahan','approved'),(25,11,5,'2026-03-15 16:00:00','2026-03-15 17:00:00','Sidang Skripsi','pending'),(26,4,1,'2026-01-16 14:00:00','2026-01-16 17:00:00','Kelas Tambahan','approved'),(27,12,5,'2026-09-03 10:00:00','2026-09-03 11:00:00','Rapat Himpunan','approved'),(28,4,1,'2026-01-27 13:00:00','2026-01-27 16:00:00','Rapat Himpunan','approved'),(29,3,4,'2026-01-02 09:00:00','2026-01-02 12:00:00','Maintenance Rutin','approved'),(30,8,3,'2026-12-09 14:00:00','2026-12-09 16:00:00','Rapat Himpunan','approved'),(31,8,2,'2026-05-25 09:00:00','2026-05-25 10:00:00','Kelas Tambahan','approved'),(32,6,5,'2026-04-26 14:00:00','2026-04-26 17:00:00','Rapat Himpunan','approved'),(33,15,4,'2026-08-28 08:00:00','2026-08-28 10:00:00','Sidang Skripsi','approved'),(34,11,3,'2026-06-21 11:00:00','2026-06-21 13:00:00','Rapat Himpunan','approved'),(35,6,4,'2026-12-04 14:00:00','2026-12-04 15:00:00','Rapat Himpunan','pending'),(36,15,1,'2026-03-25 14:00:00','2026-03-25 15:00:00','Sidang Skripsi','approved'),(37,6,4,'2026-07-16 08:00:00','2026-07-16 10:00:00','Kelas Tambahan','approved'),(38,12,3,'2026-09-11 14:00:00','2026-09-11 15:00:00','Kelas Tambahan','approved'),(39,4,1,'2026-09-07 09:00:00','2026-09-07 12:00:00','Kelas Tambahan','approved'),(40,1,2,'2026-09-12 08:00:00','2026-09-12 11:00:00','Rapat Himpunan','pending'),(41,1,4,'2026-01-10 12:00:00','2026-01-10 14:00:00','Kelas Tambahan','pending'),(42,3,2,'2026-07-28 10:00:00','2026-07-28 12:00:00','Rapat Himpunan','approved'),(43,9,2,'2026-01-05 15:00:00','2026-01-05 17:00:00','Maintenance Rutin','approved'),(44,1,3,'2026-02-13 14:00:00','2026-02-13 16:00:00','Rapat Himpunan','approved'),(45,6,2,'2026-08-28 08:00:00','2026-08-28 09:00:00','Rapat Himpunan','approved'),(46,3,4,'2026-06-24 15:00:00','2026-06-24 17:00:00','Rapat Himpunan','approved'),(47,11,3,'2026-01-27 13:00:00','2026-01-27 14:00:00','Kelas Tambahan','pending'),(48,14,2,'2026-04-22 16:00:00','2026-04-22 18:00:00','Kelas Tambahan','pending'),(49,2,5,'2026-10-15 10:00:00','2026-10-15 12:00:00','Rapat Himpunan','approved'),(50,13,1,'2026-12-16 15:00:00','2026-12-16 17:00:00','Kelas Tambahan','approved'),(51,14,5,'2026-11-14 15:00:00','2026-11-14 18:00:00','Rapat Himpunan','approved'),(52,12,5,'2026-03-10 09:00:00','2026-03-10 11:00:00','Rapat Himpunan','pending'),(53,4,2,'2026-10-01 14:00:00','2026-10-01 17:00:00','Rapat Himpunan','approved'),(54,5,3,'2026-05-14 10:00:00','2026-05-14 11:00:00','Kelas Tambahan','approved'),(55,6,3,'2026-07-09 15:00:00','2026-07-09 16:00:00','Rapat Himpunan','approved'),(56,15,5,'2026-01-23 16:00:00','2026-01-23 17:00:00','Rapat Himpunan','pending'),(57,2,1,'2026-09-02 09:00:00','2026-09-02 11:00:00','Kelas Tambahan','approved'),(58,14,4,'2026-07-23 10:00:00','2026-07-23 11:00:00','Rapat Himpunan','pending'),(59,6,4,'2026-07-19 12:00:00','2026-07-19 14:00:00','Sidang Skripsi','approved'),(60,2,3,'2026-02-09 16:00:00','2026-02-09 19:00:00','Rapat Himpunan','rejected'),(61,9,2,'2026-06-16 11:00:00','2026-06-16 12:00:00','Kelas Tambahan','approved'),(62,5,1,'2026-06-04 09:00:00','2026-06-04 11:00:00','Sidang Skripsi','approved'),(63,4,4,'2026-05-10 13:00:00','2026-05-10 14:00:00','Kelas Tambahan','approved'),(64,2,5,'2026-04-19 12:00:00','2026-04-19 14:00:00','Rapat Himpunan','approved'),(65,9,1,'2026-06-06 13:00:00','2026-06-06 15:00:00','Kelas Tambahan','approved'),(66,7,4,'2026-05-22 14:00:00','2026-05-22 16:00:00','Rapat Himpunan','pending'),(67,4,4,'2026-12-14 13:00:00','2026-12-14 15:00:00','Rapat Himpunan','approved'),(68,14,2,'2026-11-14 13:00:00','2026-11-14 16:00:00','Kelas Tambahan','approved'),(69,14,1,'2026-01-22 13:00:00','2026-01-22 16:00:00','Maintenance Rutin','pending'),(70,9,2,'2026-10-03 16:00:00','2026-10-03 19:00:00','Kelas Tambahan','approved'),(71,15,2,'2026-06-08 09:00:00','2026-06-08 12:00:00','Rapat Himpunan','approved'),(72,11,5,'2026-07-23 12:00:00','2026-07-23 15:00:00','Sidang Skripsi','approved'),(73,2,2,'2026-05-02 08:00:00','2026-05-02 09:00:00','Maintenance Rutin','pending'),(74,3,1,'2026-07-18 12:00:00','2026-07-18 14:00:00','Kelas Tambahan','approved'),(75,14,5,'2026-10-06 14:00:00','2026-10-06 17:00:00','Sidang Skripsi','pending'),(76,2,1,'2026-12-21 14:00:00','2026-12-21 15:00:00','Kelas Tambahan','pending'),(77,12,5,'2026-03-08 14:00:00','2026-03-08 17:00:00','Kelas Tambahan','approved'),(78,1,3,'2026-01-22 14:00:00','2026-01-22 16:00:00','Kelas Tambahan','approved'),(79,5,4,'2026-11-03 15:00:00','2026-11-03 18:00:00','Rapat Himpunan','approved'),(80,12,1,'2026-02-10 11:00:00','2026-02-10 12:00:00','Sidang Skripsi','rejected'),(81,12,4,'2026-05-18 08:00:00','2026-05-18 09:00:00','Maintenance Rutin','approved'),(82,15,1,'2026-04-08 12:00:00','2026-04-08 14:00:00','Rapat Himpunan','pending'),(83,4,3,'2026-03-11 09:00:00','2026-03-11 12:00:00','Rapat Himpunan','approved'),(84,4,5,'2026-07-09 15:00:00','2026-07-09 17:00:00','Kelas Tambahan','approved'),(85,6,1,'2026-09-04 12:00:00','2026-09-04 15:00:00','Maintenance Rutin','approved'),(86,9,3,'2026-08-19 11:00:00','2026-08-19 12:00:00','Rapat Himpunan','pending'),(87,3,3,'2026-02-26 09:00:00','2026-02-26 11:00:00','Kelas Tambahan','approved'),(88,10,1,'2026-06-27 11:00:00','2026-06-27 12:00:00','Kelas Tambahan','rejected'),(89,8,1,'2026-02-06 14:00:00','2026-02-06 15:00:00','Rapat Himpunan','approved'),(90,7,1,'2026-12-14 13:00:00','2026-12-14 16:00:00','Rapat Himpunan','approved'),(91,11,2,'2026-03-04 09:00:00','2026-03-04 10:00:00','Kelas Tambahan','pending'),(92,1,2,'2026-07-17 11:00:00','2026-07-17 12:00:00','Kelas Tambahan','approved'),(93,7,2,'2026-09-07 09:00:00','2026-09-07 10:00:00','Sidang Skripsi','approved'),(94,12,5,'2026-01-13 10:00:00','2026-01-13 11:00:00','Kelas Tambahan','approved'),(95,7,2,'2026-10-12 13:00:00','2026-10-12 16:00:00','Rapat Himpunan','pending'),(96,7,5,'2026-03-14 14:00:00','2026-03-14 15:00:00','Rapat Himpunan','approved'),(97,6,5,'2026-05-01 08:00:00','2026-05-01 11:00:00','Rapat Himpunan','rejected'),(98,10,2,'2026-03-12 11:00:00','2026-03-12 14:00:00','Rapat Himpunan','approved'),(99,10,5,'2026-10-06 13:00:00','2026-10-06 15:00:00','Rapat Himpunan','approved'),(100,11,4,'2026-08-26 14:00:00','2026-08-26 15:00:00','Rapat Himpunan','rejected'),(101,11,5,'2026-04-27 15:00:00','2026-04-27 16:00:00','Kelas Tambahan','approved'),(102,15,3,'2026-10-11 11:00:00','2026-10-11 12:00:00','Sidang Skripsi','pending'),(103,7,4,'2026-03-05 16:00:00','2026-03-05 18:00:00','Rapat Himpunan','approved'),(104,15,3,'2026-09-22 14:00:00','2026-09-22 16:00:00','Kelas Tambahan','approved'),(105,15,2,'2026-02-09 10:00:00','2026-02-09 11:00:00','Rapat Himpunan','approved'),(106,14,5,'2026-06-21 11:00:00','2026-06-21 14:00:00','Kelas Tambahan','approved'),(107,3,5,'2026-06-26 09:00:00','2026-06-26 10:00:00','Rapat Himpunan','pending'),(108,15,4,'2026-11-01 13:00:00','2026-11-01 16:00:00','Sidang Skripsi','approved'),(109,4,2,'2026-08-07 10:00:00','2026-08-07 13:00:00','Maintenance Rutin','pending'),(110,10,2,'2026-09-16 14:00:00','2026-09-16 17:00:00','Rapat Himpunan','pending'),(111,12,3,'2026-05-12 15:00:00','2026-05-12 18:00:00','Maintenance Rutin','approved'),(112,12,1,'2026-05-15 11:00:00','2026-05-15 12:00:00','Rapat Himpunan','approved'),(113,9,4,'2026-04-27 16:00:00','2026-04-27 19:00:00','Rapat Himpunan','approved'),(114,7,5,'2026-02-26 09:00:00','2026-02-26 10:00:00','Sidang Skripsi','approved'),(115,14,3,'2026-08-23 09:00:00','2026-08-23 11:00:00','Sidang Skripsi','approved'),(116,1,2,'2026-07-17 11:00:00','2026-07-17 12:00:00','Rapat Himpunan','approved'),(117,10,1,'2026-05-17 16:00:00','2026-05-17 19:00:00','Kelas Tambahan','approved'),(118,8,4,'2026-10-04 09:00:00','2026-10-04 11:00:00','Kelas Tambahan','approved'),(119,10,2,'2026-12-25 11:00:00','2026-12-25 12:00:00','Rapat Himpunan','approved'),(120,5,2,'2026-10-28 12:00:00','2026-10-28 14:00:00','Rapat Himpunan','approved'),(121,12,1,'2026-10-26 10:00:00','2026-10-26 12:00:00','Rapat Himpunan','approved'),(122,6,5,'2026-03-07 14:00:00','2026-03-07 17:00:00','Kelas Tambahan','approved'),(123,5,2,'2026-04-25 12:00:00','2026-04-25 14:00:00','Rapat Himpunan','pending'),(124,8,1,'2026-01-28 14:00:00','2026-01-28 16:00:00','Rapat Himpunan','pending'),(125,12,4,'2026-11-18 11:00:00','2026-11-18 12:00:00','Maintenance Rutin','approved'),(126,9,4,'2026-02-13 14:00:00','2026-02-13 16:00:00','Kelas Tambahan','pending'),(127,13,3,'2026-08-26 13:00:00','2026-08-26 15:00:00','Sidang Skripsi','approved'),(128,12,1,'2026-02-09 09:00:00','2026-02-09 10:00:00','Kelas Tambahan','approved'),(129,14,3,'2026-04-19 11:00:00','2026-04-19 12:00:00','Sidang Skripsi','pending'),(130,15,4,'2026-07-17 11:00:00','2026-07-17 14:00:00','Rapat Himpunan','approved'),(131,14,5,'2026-11-23 11:00:00','2026-11-23 12:00:00','Rapat Himpunan','approved'),(132,3,2,'2026-05-26 11:00:00','2026-05-26 12:00:00','Rapat Himpunan','approved'),(133,1,5,'2026-10-27 11:00:00','2026-10-27 12:00:00','Rapat Himpunan','approved'),(134,3,4,'2026-01-27 14:00:00','2026-01-27 17:00:00','Rapat Himpunan','approved'),(135,15,3,'2026-11-25 13:00:00','2026-11-25 15:00:00','Kelas Tambahan','approved'),(136,14,2,'2026-11-12 12:00:00','2026-11-12 13:00:00','Kelas Tambahan','rejected'),(137,2,5,'2026-03-12 11:00:00','2026-03-12 14:00:00','Kelas Tambahan','approved'),(138,6,3,'2026-04-01 10:00:00','2026-04-01 11:00:00','Kelas Tambahan','pending'),(139,4,1,'2026-05-03 12:00:00','2026-05-03 15:00:00','Maintenance Rutin','approved'),(140,1,4,'2026-07-14 14:00:00','2026-07-14 16:00:00','Kelas Tambahan','approved'),(141,3,4,'2026-05-16 14:00:00','2026-05-16 17:00:00','Rapat Himpunan','pending'),(142,12,1,'2026-04-25 13:00:00','2026-04-25 15:00:00','Kelas Tambahan','approved'),(143,5,4,'2026-09-10 13:00:00','2026-09-10 14:00:00','Rapat Himpunan','approved'),(144,2,1,'2026-11-10 08:00:00','2026-11-10 09:00:00','Sidang Skripsi','approved'),(145,3,1,'2026-12-16 16:00:00','2026-12-16 17:00:00','Kelas Tambahan','approved'),(146,8,1,'2026-08-07 09:00:00','2026-08-07 10:00:00','Rapat Himpunan','approved'),(147,6,5,'2026-01-24 16:00:00','2026-01-24 17:00:00','Kelas Tambahan','approved'),(148,12,5,'2026-06-16 11:00:00','2026-06-16 13:00:00','Sidang Skripsi','approved'),(149,6,5,'2026-08-08 11:00:00','2026-08-08 12:00:00','Sidang Skripsi','pending'),(150,11,4,'2026-01-10 13:00:00','2026-01-10 16:00:00','Rapat Himpunan','approved'),(151,15,3,'2026-05-09 13:00:00','2026-05-09 16:00:00','Rapat Himpunan','approved'),(152,7,4,'2026-12-22 16:00:00','2026-12-22 18:00:00','Rapat Himpunan','rejected'),(153,8,2,'2026-06-09 08:00:00','2026-06-09 09:00:00','Sidang Skripsi','approved'),(154,4,3,'2026-02-02 15:00:00','2026-02-02 18:00:00','Rapat Himpunan','pending'),(155,14,3,'2026-08-15 16:00:00','2026-08-15 19:00:00','Rapat Himpunan','approved'),(156,11,4,'2026-05-21 12:00:00','2026-05-21 14:00:00','Kelas Tambahan','approved'),(157,10,4,'2026-07-22 09:00:00','2026-07-22 10:00:00','Maintenance Rutin','approved'),(158,13,2,'2026-08-19 10:00:00','2026-08-19 11:00:00','Sidang Skripsi','approved'),(159,3,2,'2026-05-18 09:00:00','2026-05-18 10:00:00','Maintenance Rutin','approved'),(160,7,3,'2026-02-06 13:00:00','2026-02-06 14:00:00','Kelas Tambahan','approved'),(161,4,3,'2026-02-24 16:00:00','2026-02-24 19:00:00','Rapat Himpunan','pending'),(162,15,4,'2026-04-14 13:00:00','2026-04-14 15:00:00','Rapat Himpunan','approved'),(163,12,4,'2026-09-23 15:00:00','2026-09-23 17:00:00','Rapat Himpunan','approved'),(164,5,2,'2026-03-11 10:00:00','2026-03-11 12:00:00','Rapat Himpunan','approved'),(165,13,4,'2026-02-15 09:00:00','2026-02-15 10:00:00','Kelas Tambahan','approved'),(166,12,3,'2026-04-23 09:00:00','2026-04-23 11:00:00','Sidang Skripsi','approved'),(167,15,1,'2026-03-04 16:00:00','2026-03-04 18:00:00','Rapat Himpunan','pending'),(168,2,2,'2026-01-08 10:00:00','2026-01-08 12:00:00','Rapat Himpunan','pending'),(169,3,1,'2026-02-08 15:00:00','2026-02-08 17:00:00','Kelas Tambahan','approved'),(170,14,1,'2026-11-26 16:00:00','2026-11-26 17:00:00','Sidang Skripsi','pending'),(171,6,1,'2026-10-10 11:00:00','2026-10-10 14:00:00','Kelas Tambahan','approved'),(172,1,4,'2026-05-18 09:00:00','2026-05-18 12:00:00','Kelas Tambahan','pending'),(173,13,1,'2026-08-24 12:00:00','2026-08-24 15:00:00','Sidang Skripsi','pending'),(174,3,1,'2026-06-21 10:00:00','2026-06-21 13:00:00','Rapat Himpunan','approved'),(175,11,1,'2026-09-04 13:00:00','2026-09-04 15:00:00','Rapat Himpunan','approved'),(176,3,2,'2026-04-07 11:00:00','2026-04-07 12:00:00','Sidang Skripsi','approved'),(177,6,5,'2026-03-13 13:00:00','2026-03-13 15:00:00','Sidang Skripsi','pending'),(178,15,2,'2026-10-03 16:00:00','2026-10-03 18:00:00','Rapat Himpunan','approved'),(179,2,3,'2026-04-27 15:00:00','2026-04-27 16:00:00','Rapat Himpunan','approved'),(180,6,3,'2026-01-23 16:00:00','2026-01-23 18:00:00','Rapat Himpunan','approved'),(181,4,3,'2026-11-27 09:00:00','2026-11-27 12:00:00','Maintenance Rutin','approved'),(182,1,2,'2026-06-05 13:00:00','2026-06-05 14:00:00','Sidang Skripsi','pending'),(183,14,1,'2026-01-21 13:00:00','2026-01-21 16:00:00','Maintenance Rutin','approved'),(184,4,3,'2026-02-23 14:00:00','2026-02-23 15:00:00','Sidang Skripsi','approved'),(185,13,5,'2026-05-23 08:00:00','2026-05-23 10:00:00','Sidang Skripsi','approved'),(186,1,1,'2026-04-05 16:00:00','2026-04-05 17:00:00','Rapat Himpunan','approved'),(187,4,3,'2026-08-22 15:00:00','2026-08-22 16:00:00','Rapat Himpunan','approved'),(188,6,5,'2026-09-18 08:00:00','2026-09-18 09:00:00','Kelas Tambahan','approved'),(189,12,5,'2026-03-08 14:00:00','2026-03-08 17:00:00','Sidang Skripsi','approved'),(190,10,4,'2026-06-07 15:00:00','2026-06-07 17:00:00','Kelas Tambahan','pending'),(191,10,2,'2026-02-13 15:00:00','2026-02-13 18:00:00','Kelas Tambahan','pending'),(192,4,4,'2026-05-11 15:00:00','2026-05-11 16:00:00','Rapat Himpunan','approved'),(193,15,2,'2026-03-07 14:00:00','2026-03-07 17:00:00','Rapat Himpunan','approved'),(194,4,3,'2026-01-11 16:00:00','2026-01-11 18:00:00','Rapat Himpunan','approved'),(195,12,2,'2026-08-28 08:00:00','2026-08-28 09:00:00','Rapat Himpunan','approved'),(196,15,3,'2026-12-07 09:00:00','2026-12-07 12:00:00','Kelas Tambahan','approved'),(197,15,2,'2026-01-21 12:00:00','2026-01-21 13:00:00','Sidang Skripsi','approved'),(198,5,5,'2026-10-05 11:00:00','2026-10-05 13:00:00','Rapat Himpunan','approved'),(199,7,5,'2026-11-21 08:00:00','2026-11-21 09:00:00','Sidang Skripsi','approved'),(200,9,4,'2026-08-27 16:00:00','2026-08-27 17:00:00','Kelas Tambahan','approved'),(201,14,2,'2026-11-13 13:00:00','2026-11-13 15:00:00','Sidang Skripsi','pending'),(202,7,5,'2026-12-04 15:00:00','2026-12-04 18:00:00','Rapat Himpunan','approved'),(203,1,1,'2026-03-27 09:00:00','2026-03-27 12:00:00','Sidang Skripsi','approved'),(204,8,2,'2026-06-07 14:00:00','2026-06-07 17:00:00','Kelas Tambahan','approved'),(205,9,2,'2026-11-14 14:00:00','2026-11-14 15:00:00','Rapat Himpunan','pending'),(206,11,1,'2026-09-28 15:00:00','2026-09-28 16:00:00','Rapat Himpunan','pending'),(207,10,3,'2026-07-06 11:00:00','2026-07-06 12:00:00','Rapat Himpunan','approved'),(208,9,2,'2026-05-11 13:00:00','2026-05-11 14:00:00','Sidang Skripsi','approved'),(209,13,5,'2026-04-18 10:00:00','2026-04-18 12:00:00','Sidang Skripsi','approved'),(210,11,3,'2026-08-17 16:00:00','2026-08-17 17:00:00','Rapat Himpunan','approved'),(211,3,5,'2026-03-04 08:00:00','2026-03-04 11:00:00','Kelas Tambahan','pending'),(212,8,1,'2026-02-05 12:00:00','2026-02-05 13:00:00','Rapat Himpunan','approved'),(213,9,2,'2026-03-26 16:00:00','2026-03-26 17:00:00','Rapat Himpunan','approved'),(214,1,5,'2026-08-07 11:00:00','2026-08-07 14:00:00','Rapat Himpunan','pending'),(215,8,2,'2026-09-20 11:00:00','2026-09-20 14:00:00','Sidang Skripsi','pending'),(216,10,5,'2026-10-03 09:00:00','2026-10-03 11:00:00','Rapat Himpunan','approved'),(217,14,3,'2026-03-25 14:00:00','2026-03-25 15:00:00','Rapat Himpunan','pending'),(218,10,5,'2026-07-28 10:00:00','2026-07-28 12:00:00','Rapat Himpunan','pending'),(219,8,1,'2026-11-05 09:00:00','2026-11-05 11:00:00','Rapat Himpunan','approved'),(220,4,4,'2026-09-10 13:00:00','2026-09-10 14:00:00','Rapat Himpunan','approved'),(221,15,1,'2026-05-22 13:00:00','2026-05-22 16:00:00','Rapat Himpunan','rejected'),(222,13,4,'2026-04-07 09:00:00','2026-04-07 11:00:00','Rapat Himpunan','approved'),(223,2,2,'2026-08-24 11:00:00','2026-08-24 12:00:00','Sidang Skripsi','pending'),(224,15,5,'2026-01-05 14:00:00','2026-01-05 17:00:00','Rapat Himpunan','pending'),(225,2,3,'2026-09-03 12:00:00','2026-09-03 13:00:00','Kelas Tambahan','pending'),(226,10,2,'2026-12-22 16:00:00','2026-12-22 17:00:00','Rapat Himpunan','approved'),(227,8,5,'2026-10-17 12:00:00','2026-10-17 15:00:00','Rapat Himpunan','pending'),(228,15,5,'2026-12-19 13:00:00','2026-12-19 16:00:00','Kelas Tambahan','approved'),(229,9,3,'2026-11-24 13:00:00','2026-11-24 14:00:00','Rapat Himpunan','pending'),(230,4,3,'2026-05-21 12:00:00','2026-05-21 13:00:00','Sidang Skripsi','approved'),(231,8,4,'2026-01-27 14:00:00','2026-01-27 16:00:00','Rapat Himpunan','rejected'),(232,6,5,'2026-04-25 11:00:00','2026-04-25 12:00:00','Kelas Tambahan','approved'),(233,10,3,'2026-01-11 14:00:00','2026-01-11 16:00:00','Kelas Tambahan','approved'),(234,4,3,'2026-07-09 15:00:00','2026-07-09 16:00:00','Sidang Skripsi','approved'),(235,1,1,'2026-12-16 16:00:00','2026-12-16 17:00:00','Sidang Skripsi','approved'),(236,7,3,'2026-07-02 12:00:00','2026-07-02 14:00:00','Sidang Skripsi','pending'),(237,7,1,'2026-10-08 16:00:00','2026-10-08 17:00:00','Kelas Tambahan','pending'),(238,7,4,'2026-03-23 12:00:00','2026-03-23 13:00:00','Maintenance Rutin','pending'),(239,1,3,'2026-05-15 11:00:00','2026-05-15 12:00:00','Rapat Himpunan','approved'),(240,5,4,'2026-03-07 11:00:00','2026-03-07 13:00:00','Rapat Himpunan','approved'),(241,14,5,'2026-10-07 15:00:00','2026-10-07 16:00:00','Rapat Himpunan','pending'),(242,3,3,'2026-12-06 09:00:00','2026-12-06 11:00:00','Sidang Skripsi','approved'),(243,1,1,'2026-12-25 11:00:00','2026-12-25 12:00:00','Rapat Himpunan','approved'),(244,2,3,'2026-01-20 12:00:00','2026-01-20 13:00:00','Rapat Himpunan','approved'),(245,14,1,'2026-05-24 16:00:00','2026-05-24 18:00:00','Rapat Himpunan','approved'),(246,13,1,'2026-10-25 15:00:00','2026-10-25 17:00:00','Sidang Skripsi','approved'),(247,11,1,'2026-10-14 16:00:00','2026-10-14 17:00:00','Rapat Himpunan','approved'),(248,15,1,'2026-05-24 08:00:00','2026-05-24 10:00:00','Kelas Tambahan','approved'),(249,14,1,'2026-06-08 15:00:00','2026-06-08 17:00:00','Sidang Skripsi','approved'),(250,5,5,'2026-06-13 08:00:00','2026-06-13 11:00:00','Rapat Himpunan','approved'),(251,3,3,'2026-10-16 11:00:00','2026-10-16 12:00:00','Kelas Tambahan','approved'),(252,10,3,'2026-03-27 16:00:00','2026-03-27 19:00:00','Kelas Tambahan','approved'),(253,10,4,'2026-12-19 11:00:00','2026-12-19 14:00:00','Kelas Tambahan','approved'),(254,1,3,'2026-09-26 11:00:00','2026-09-26 12:00:00','Kelas Tambahan','pending'),(255,6,1,'2026-01-06 15:00:00','2026-01-06 17:00:00','Rapat Himpunan','approved'),(256,9,2,'2026-12-25 12:00:00','2026-12-25 15:00:00','Kelas Tambahan','approved'),(257,2,3,'2026-09-20 12:00:00','2026-09-20 13:00:00','Rapat Himpunan','approved'),(258,12,2,'2026-05-21 14:00:00','2026-05-21 15:00:00','Rapat Himpunan','approved'),(259,5,3,'2026-03-22 09:00:00','2026-03-22 12:00:00','Sidang Skripsi','pending'),(260,8,3,'2026-05-07 16:00:00','2026-05-07 17:00:00','Rapat Himpunan','approved'),(261,8,1,'2026-10-26 09:00:00','2026-10-26 12:00:00','Rapat Himpunan','approved'),(262,13,5,'2026-04-16 15:00:00','2026-04-16 17:00:00','Rapat Himpunan','approved'),(263,2,2,'2026-09-10 13:00:00','2026-09-10 16:00:00','Kelas Tambahan','approved'),(264,2,5,'2026-08-02 11:00:00','2026-08-02 12:00:00','Sidang Skripsi','pending'),(265,10,1,'2026-09-06 14:00:00','2026-09-06 15:00:00','Rapat Himpunan','approved'),(266,13,2,'2026-04-12 09:00:00','2026-04-12 11:00:00','Rapat Himpunan','approved'),(267,12,3,'2026-11-06 10:00:00','2026-11-06 12:00:00','Kelas Tambahan','approved'),(268,13,2,'2026-12-24 11:00:00','2026-12-24 13:00:00','Kelas Tambahan','rejected'),(269,4,4,'2026-05-03 10:00:00','2026-05-03 11:00:00','Kelas Tambahan','approved'),(270,4,2,'2026-06-21 09:00:00','2026-06-21 11:00:00','Rapat Himpunan','approved'),(271,11,4,'2026-03-26 09:00:00','2026-03-26 12:00:00','Kelas Tambahan','pending'),(272,8,3,'2026-02-03 08:00:00','2026-02-03 09:00:00','Sidang Skripsi','pending'),(273,8,1,'2026-05-06 16:00:00','2026-05-06 17:00:00','Kelas Tambahan','pending'),(274,11,5,'2026-04-20 13:00:00','2026-04-20 14:00:00','Rapat Himpunan','approved'),(275,15,5,'2026-03-17 10:00:00','2026-03-17 13:00:00','Sidang Skripsi','pending'),(276,13,5,'2026-08-17 09:00:00','2026-08-17 10:00:00','Kelas Tambahan','approved'),(277,10,5,'2026-07-27 09:00:00','2026-07-27 12:00:00','Rapat Himpunan','approved'),(278,7,4,'2026-05-25 08:00:00','2026-05-25 11:00:00','Kelas Tambahan','pending'),(279,9,1,'2026-01-22 14:00:00','2026-01-22 15:00:00','Rapat Himpunan','pending'),(280,3,5,'2026-10-05 13:00:00','2026-10-05 15:00:00','Rapat Himpunan','approved'),(281,5,2,'2026-11-06 11:00:00','2026-11-06 13:00:00','Sidang Skripsi','approved'),(282,2,4,'2026-09-19 09:00:00','2026-09-19 12:00:00','Sidang Skripsi','approved'),(283,2,3,'2026-12-13 11:00:00','2026-12-13 14:00:00','Kelas Tambahan','approved'),(284,2,5,'2026-07-23 11:00:00','2026-07-23 13:00:00','Kelas Tambahan','rejected'),(285,8,5,'2026-08-19 11:00:00','2026-08-19 14:00:00','Kelas Tambahan','approved'),(286,5,1,'2026-04-15 13:00:00','2026-04-15 16:00:00','Kelas Tambahan','approved'),(287,7,4,'2026-07-15 15:00:00','2026-07-15 18:00:00','Kelas Tambahan','approved'),(288,3,1,'2026-08-25 12:00:00','2026-08-25 13:00:00','Rapat Himpunan','approved'),(289,2,4,'2026-10-08 15:00:00','2026-10-08 17:00:00','Sidang Skripsi','approved'),(290,1,5,'2026-03-08 14:00:00','2026-03-08 15:00:00','Rapat Himpunan','approved'),(291,12,1,'2026-08-20 12:00:00','2026-08-20 14:00:00','Sidang Skripsi','approved'),(292,5,2,'2026-12-23 08:00:00','2026-12-23 09:00:00','Kelas Tambahan','approved'),(293,13,3,'2026-03-15 16:00:00','2026-03-15 17:00:00','Rapat Himpunan','pending'),(294,9,5,'2026-10-02 08:00:00','2026-10-02 11:00:00','Rapat Himpunan','approved'),(295,6,3,'2026-09-27 13:00:00','2026-09-27 16:00:00','Sidang Skripsi','approved'),(296,1,2,'2026-05-06 14:00:00','2026-05-06 17:00:00','Rapat Himpunan','approved'),(297,11,5,'2026-08-13 11:00:00','2026-08-13 12:00:00','Rapat Himpunan','approved'),(298,3,3,'2026-03-15 16:00:00','2026-03-15 19:00:00','Kelas Tambahan','approved'),(299,1,4,'2026-12-01 08:00:00','2026-12-01 10:00:00','Sidang Skripsi','approved'),(300,10,2,'2026-11-08 15:00:00','2026-11-08 16:00:00','Rapat Himpunan','approved'),(301,5,2,'2026-03-11 10:00:00','2026-03-11 11:00:00','Rapat Himpunan','pending'),(302,2,3,'2026-02-02 16:00:00','2026-02-02 19:00:00','Maintenance Rutin','approved'),(303,5,5,'2026-02-13 16:00:00','2026-02-13 18:00:00','Kelas Tambahan','pending'),(304,8,3,'2026-04-18 10:00:00','2026-04-18 12:00:00','Kelas Tambahan','approved'),(305,3,3,'2026-04-19 13:00:00','2026-04-19 16:00:00','Sidang Skripsi','pending'),(306,3,3,'2026-03-18 11:00:00','2026-03-18 12:00:00','Sidang Skripsi','pending'),(307,8,2,'2026-09-22 15:00:00','2026-09-22 18:00:00','Kelas Tambahan','approved'),(308,10,3,'2026-01-11 15:00:00','2026-01-11 18:00:00','Sidang Skripsi','approved'),(309,5,4,'2026-02-01 15:00:00','2026-02-01 16:00:00','Rapat Himpunan','pending'),(310,11,3,'2026-01-27 13:00:00','2026-01-27 14:00:00','Rapat Himpunan','pending'),(311,13,3,'2026-06-14 08:00:00','2026-06-14 11:00:00','Rapat Himpunan','approved'),(312,13,4,'2026-08-09 13:00:00','2026-08-09 15:00:00','Sidang Skripsi','pending'),(313,12,2,'2026-01-15 11:00:00','2026-01-15 12:00:00','Rapat Himpunan','pending'),(314,14,3,'2026-10-12 14:00:00','2026-10-12 16:00:00','Rapat Himpunan','pending'),(315,5,1,'2026-12-12 08:00:00','2026-12-12 09:00:00','Rapat Himpunan','approved'),(316,3,3,'2026-04-22 16:00:00','2026-04-22 18:00:00','Sidang Skripsi','approved'),(317,7,2,'2026-11-15 08:00:00','2026-11-15 11:00:00','Kelas Tambahan','approved'),(318,1,1,'2026-09-06 15:00:00','2026-09-06 16:00:00','Kelas Tambahan','approved'),(319,12,4,'2026-12-27 14:00:00','2026-12-27 17:00:00','Kelas Tambahan','approved'),(320,14,5,'2026-12-23 10:00:00','2026-12-23 13:00:00','Rapat Himpunan','pending'),(321,12,1,'2026-08-20 12:00:00','2026-08-20 14:00:00','Rapat Himpunan','approved'),(322,12,3,'2026-04-25 12:00:00','2026-04-25 15:00:00','Rapat Himpunan','approved'),(323,11,3,'2026-07-01 12:00:00','2026-07-01 14:00:00','Rapat Himpunan','approved'),(324,15,3,'2026-02-22 12:00:00','2026-02-22 14:00:00','Sidang Skripsi','approved'),(325,4,5,'2026-10-08 16:00:00','2026-10-08 19:00:00','Kelas Tambahan','approved'),(326,3,2,'2026-06-27 11:00:00','2026-06-27 12:00:00','Sidang Skripsi','approved'),(327,11,3,'2026-05-08 11:00:00','2026-05-08 14:00:00','Rapat Himpunan','approved'),(328,5,3,'2026-06-23 13:00:00','2026-06-23 16:00:00','Sidang Skripsi','approved'),(329,6,5,'2026-01-21 12:00:00','2026-01-21 13:00:00','Maintenance Rutin','approved'),(330,1,2,'2026-12-01 10:00:00','2026-12-01 12:00:00','Sidang Skripsi','approved'),(331,12,1,'2026-04-28 09:00:00','2026-04-28 12:00:00','Sidang Skripsi','approved'),(332,12,4,'2026-06-26 09:00:00','2026-06-26 11:00:00','Rapat Himpunan','approved'),(333,1,3,'2026-02-12 13:00:00','2026-02-12 16:00:00','Rapat Himpunan','approved'),(334,12,2,'2026-11-16 09:00:00','2026-11-16 10:00:00','Rapat Himpunan','approved'),(335,10,1,'2026-01-04 12:00:00','2026-01-04 14:00:00','Kelas Tambahan','approved'),(336,6,1,'2026-04-04 16:00:00','2026-04-04 17:00:00','Rapat Himpunan','approved'),(337,10,1,'2026-09-05 13:00:00','2026-09-05 15:00:00','Rapat Himpunan','approved'),(338,3,3,'2026-01-15 12:00:00','2026-01-15 13:00:00','Rapat Himpunan','pending'),(339,11,5,'2026-10-27 11:00:00','2026-10-27 12:00:00','Rapat Himpunan','approved'),(340,7,1,'2026-04-27 16:00:00','2026-04-27 17:00:00','Rapat Himpunan','approved'),(341,15,2,'2026-04-16 08:00:00','2026-04-16 10:00:00','Rapat Himpunan','pending'),(342,1,1,'2026-07-08 15:00:00','2026-07-08 16:00:00','Rapat Himpunan','approved'),(343,2,5,'2026-02-24 16:00:00','2026-02-24 17:00:00','Rapat Himpunan','approved'),(344,6,3,'2026-11-17 11:00:00','2026-11-17 14:00:00','Maintenance Rutin','approved'),(345,10,2,'2026-09-20 10:00:00','2026-09-20 11:00:00','Sidang Skripsi','approved'),(346,11,3,'2026-02-12 13:00:00','2026-02-12 16:00:00','Sidang Skripsi','approved'),(347,9,1,'2026-10-16 11:00:00','2026-10-16 12:00:00','Kelas Tambahan','approved'),(348,5,1,'2026-09-09 11:00:00','2026-09-09 14:00:00','Rapat Himpunan','approved'),(349,1,2,'2026-11-08 14:00:00','2026-11-08 16:00:00','Rapat Himpunan','approved'),(350,8,1,'2026-09-10 13:00:00','2026-09-10 16:00:00','Kelas Tambahan','approved'),(351,11,4,'2026-03-05 08:00:00','2026-03-05 11:00:00','Rapat Himpunan','approved'),(352,15,4,'2026-08-27 16:00:00','2026-08-27 19:00:00','Rapat Himpunan','pending'),(353,2,4,'2026-09-18 16:00:00','2026-09-18 17:00:00','Rapat Himpunan','approved'),(354,9,3,'2026-06-01 14:00:00','2026-06-01 16:00:00','Kelas Tambahan','approved'),(355,1,4,'2026-09-03 11:00:00','2026-09-03 13:00:00','Rapat Himpunan','approved'),(356,2,3,'2026-10-22 12:00:00','2026-10-22 15:00:00','Rapat Himpunan','approved'),(357,1,3,'2026-08-18 09:00:00','2026-08-18 12:00:00','Sidang Skripsi','approved'),(358,2,1,'2026-09-26 12:00:00','2026-09-26 15:00:00','Kelas Tambahan','approved'),(359,15,5,'2026-04-22 09:00:00','2026-04-22 10:00:00','Maintenance Rutin','pending'),(360,13,2,'2026-08-17 16:00:00','2026-08-17 17:00:00','Rapat Himpunan','approved'),(361,3,2,'2026-06-09 08:00:00','2026-06-09 09:00:00','Kelas Tambahan','pending'),(362,1,4,'2026-07-21 15:00:00','2026-07-21 16:00:00','Sidang Skripsi','approved'),(363,6,4,'2026-04-16 15:00:00','2026-04-16 17:00:00','Maintenance Rutin','pending'),(364,3,1,'2026-11-06 11:00:00','2026-11-06 12:00:00','Kelas Tambahan','approved'),(365,15,5,'2026-11-18 12:00:00','2026-11-18 14:00:00','Kelas Tambahan','pending'),(366,10,3,'2026-07-04 08:00:00','2026-07-04 11:00:00','Sidang Skripsi','approved'),(367,15,3,'2026-01-05 13:00:00','2026-01-05 15:00:00','Kelas Tambahan','approved'),(368,13,2,'2026-03-26 08:00:00','2026-03-26 09:00:00','Rapat Himpunan','approved'),(369,15,5,'2026-03-14 16:00:00','2026-03-14 17:00:00','Sidang Skripsi','approved'),(370,10,5,'2026-02-13 08:00:00','2026-02-13 11:00:00','Rapat Himpunan','approved'),(371,3,4,'2026-01-03 11:00:00','2026-01-03 13:00:00','Rapat Himpunan','approved'),(372,11,4,'2026-11-14 16:00:00','2026-11-14 19:00:00','Rapat Himpunan','approved'),(373,14,1,'2026-03-03 15:00:00','2026-03-03 18:00:00','Rapat Himpunan','approved'),(374,3,5,'2026-04-14 13:00:00','2026-04-14 16:00:00','Rapat Himpunan','approved'),(375,3,4,'2026-02-17 11:00:00','2026-02-17 12:00:00','Sidang Skripsi','approved'),(376,15,5,'2026-02-24 14:00:00','2026-02-24 15:00:00','Sidang Skripsi','pending'),(377,1,3,'2026-04-01 10:00:00','2026-04-01 11:00:00','Kelas Tambahan','approved'),(378,8,1,'2026-04-01 09:00:00','2026-04-01 12:00:00','Kelas Tambahan','pending'),(379,3,4,'2026-12-23 09:00:00','2026-12-23 10:00:00','Kelas Tambahan','approved'),(380,15,2,'2026-03-11 10:00:00','2026-03-11 12:00:00','Kelas Tambahan','pending'),(381,10,3,'2026-03-28 09:00:00','2026-03-28 12:00:00','Maintenance Rutin','approved'),(382,7,3,'2026-01-20 11:00:00','2026-01-20 12:00:00','Kelas Tambahan','approved'),(383,3,4,'2026-09-19 09:00:00','2026-09-19 11:00:00','Rapat Himpunan','pending'),(384,4,3,'2026-10-11 12:00:00','2026-10-11 14:00:00','Kelas Tambahan','approved'),(385,2,2,'2026-04-21 14:00:00','2026-04-21 15:00:00','Rapat Himpunan','approved'),(386,2,3,'2026-06-17 13:00:00','2026-06-17 14:00:00','Kelas Tambahan','rejected'),(387,3,1,'2026-06-24 15:00:00','2026-06-24 17:00:00','Rapat Himpunan','approved'),(388,1,5,'2026-05-12 14:00:00','2026-05-12 16:00:00','Rapat Himpunan','approved'),(389,11,1,'2026-08-14 14:00:00','2026-08-14 17:00:00','Rapat Himpunan','approved'),(390,5,5,'2026-11-19 13:00:00','2026-11-19 14:00:00','Kelas Tambahan','approved'),(391,2,3,'2026-04-21 15:00:00','2026-04-21 18:00:00','Sidang Skripsi','approved'),(392,7,1,'2026-11-10 08:00:00','2026-11-10 09:00:00','Rapat Himpunan','approved'),(393,8,1,'2026-09-12 16:00:00','2026-09-12 18:00:00','Rapat Himpunan','approved'),(394,12,3,'2026-10-19 16:00:00','2026-10-19 19:00:00','Rapat Himpunan','approved'),(395,9,2,'2026-11-11 10:00:00','2026-11-11 12:00:00','Kelas Tambahan','pending'),(396,11,3,'2026-12-11 08:00:00','2026-12-11 09:00:00','Kelas Tambahan','approved'),(397,15,1,'2026-03-02 14:00:00','2026-03-02 15:00:00','Rapat Himpunan','pending'),(398,1,3,'2026-06-17 13:00:00','2026-06-17 14:00:00','Rapat Himpunan','pending'),(399,13,1,'2026-07-25 13:00:00','2026-07-25 15:00:00','Rapat Himpunan','pending'),(400,9,2,'2026-02-14 08:00:00','2026-02-14 09:00:00','Sidang Skripsi','pending'),(401,11,2,'2026-04-18 09:00:00','2026-04-18 10:00:00','Rapat Himpunan','pending'),(402,11,2,'2026-09-10 13:00:00','2026-09-10 14:00:00','Rapat Himpunan','pending'),(403,6,1,'2026-10-12 14:00:00','2026-10-12 16:00:00','Rapat Himpunan','pending'),(404,1,4,'2026-12-02 10:00:00','2026-12-02 11:00:00','Kelas Tambahan','rejected'),(405,3,5,'2026-11-20 15:00:00','2026-11-20 16:00:00','Kelas Tambahan','pending'),(406,6,1,'2026-08-20 13:00:00','2026-08-20 16:00:00','Kelas Tambahan','approved'),(407,6,1,'2026-05-20 10:00:00','2026-05-20 12:00:00','Maintenance Rutin','pending'),(408,12,5,'2026-03-07 13:00:00','2026-03-07 15:00:00','Rapat Himpunan','pending'),(409,6,3,'2026-07-10 16:00:00','2026-07-10 18:00:00','Rapat Himpunan','approved'),(410,5,4,'2026-12-10 15:00:00','2026-12-10 17:00:00','Kelas Tambahan','approved'),(411,2,5,'2026-02-24 16:00:00','2026-02-24 17:00:00','Rapat Himpunan','approved'),(412,14,2,'2026-01-06 15:00:00','2026-01-06 17:00:00','Kelas Tambahan','approved'),(413,12,3,'2026-06-21 09:00:00','2026-06-21 11:00:00','Kelas Tambahan','approved'),(414,15,1,'2026-05-25 09:00:00','2026-05-25 10:00:00','Kelas Tambahan','approved'),(415,6,1,'2026-02-15 09:00:00','2026-02-15 11:00:00','Rapat Himpunan','approved'),(416,10,3,'2026-05-18 15:00:00','2026-05-18 17:00:00','Maintenance Rutin','pending'),(417,11,4,'2026-02-21 11:00:00','2026-02-21 13:00:00','Kelas Tambahan','approved'),(418,3,2,'2026-11-22 08:00:00','2026-11-22 11:00:00','Rapat Himpunan','approved'),(419,8,3,'2026-02-04 09:00:00','2026-02-04 10:00:00','Sidang Skripsi','approved'),(420,8,2,'2026-12-24 10:00:00','2026-12-24 11:00:00','Sidang Skripsi','approved'),(421,8,5,'2026-10-16 11:00:00','2026-10-16 12:00:00','Rapat Himpunan','pending'),(422,11,3,'2026-01-28 13:00:00','2026-01-28 15:00:00','Rapat Himpunan','approved'),(423,13,1,'2026-10-24 15:00:00','2026-10-24 17:00:00','Rapat Himpunan','approved'),(424,2,2,'2026-04-11 08:00:00','2026-04-11 11:00:00','Sidang Skripsi','approved'),(425,5,2,'2026-10-23 14:00:00','2026-10-23 15:00:00','Rapat Himpunan','pending'),(426,13,3,'2026-04-18 10:00:00','2026-04-18 12:00:00','Kelas Tambahan','approved'),(427,13,1,'2026-07-17 11:00:00','2026-07-17 12:00:00','Sidang Skripsi','approved'),(428,11,1,'2026-01-05 14:00:00','2026-01-05 15:00:00','Rapat Himpunan','rejected'),(429,8,4,'2026-11-06 12:00:00','2026-11-06 15:00:00','Sidang Skripsi','rejected'),(430,2,5,'2026-11-02 12:00:00','2026-11-02 14:00:00','Kelas Tambahan','approved'),(431,1,2,'2026-11-21 16:00:00','2026-11-21 19:00:00','Kelas Tambahan','pending'),(432,12,4,'2026-01-09 11:00:00','2026-01-09 14:00:00','Kelas Tambahan','approved'),(433,9,2,'2026-07-25 14:00:00','2026-07-25 15:00:00','Kelas Tambahan','pending'),(434,12,1,'2026-03-23 12:00:00','2026-03-23 15:00:00','Kelas Tambahan','pending'),(435,15,4,'2026-01-24 09:00:00','2026-01-24 10:00:00','Rapat Himpunan','approved'),(436,13,2,'2026-02-23 12:00:00','2026-02-23 15:00:00','Rapat Himpunan','approved'),(437,13,2,'2026-02-25 15:00:00','2026-02-25 17:00:00','Kelas Tambahan','rejected'),(438,2,5,'2026-08-05 16:00:00','2026-08-05 17:00:00','Sidang Skripsi','approved'),(439,14,4,'2026-07-16 10:00:00','2026-07-16 13:00:00','Kelas Tambahan','approved'),(440,6,4,'2026-07-12 11:00:00','2026-07-12 14:00:00','Rapat Himpunan','approved'),(441,6,1,'2026-06-24 16:00:00','2026-06-24 17:00:00','Sidang Skripsi','pending'),(442,2,2,'2026-10-08 16:00:00','2026-10-08 17:00:00','Rapat Himpunan','approved'),(443,4,1,'2026-01-17 15:00:00','2026-01-17 17:00:00','Sidang Skripsi','pending'),(444,4,4,'2026-01-26 11:00:00','2026-01-26 13:00:00','Rapat Himpunan','pending'),(445,10,4,'2026-11-05 08:00:00','2026-11-05 11:00:00','Rapat Himpunan','approved'),(446,11,5,'2026-04-20 13:00:00','2026-04-20 14:00:00','Sidang Skripsi','approved'),(447,5,2,'2026-11-13 12:00:00','2026-11-13 13:00:00','Rapat Himpunan','approved'),(448,13,4,'2026-07-08 14:00:00','2026-07-08 17:00:00','Rapat Himpunan','approved'),(449,10,3,'2026-12-08 10:00:00','2026-12-08 13:00:00','Kelas Tambahan','approved'),(450,12,4,'2026-06-04 10:00:00','2026-06-04 13:00:00','Sidang Skripsi','approved'),(451,11,2,'2026-02-26 09:00:00','2026-02-26 12:00:00','Kelas Tambahan','approved'),(452,13,2,'2026-03-27 09:00:00','2026-03-27 10:00:00','Rapat Himpunan','approved'),(453,11,4,'2026-01-09 12:00:00','2026-01-09 14:00:00','Maintenance Rutin','approved'),(454,10,2,'2026-10-24 16:00:00','2026-10-24 17:00:00','Rapat Himpunan','approved'),(455,2,4,'2026-05-21 11:00:00','2026-05-21 12:00:00','Kelas Tambahan','pending'),(456,10,1,'2026-07-09 08:00:00','2026-07-09 09:00:00','Kelas Tambahan','approved'),(457,12,1,'2026-05-16 13:00:00','2026-05-16 15:00:00','Sidang Skripsi','approved'),(458,11,1,'2026-11-24 13:00:00','2026-11-24 15:00:00','Rapat Himpunan','pending'),(459,2,1,'2026-10-24 16:00:00','2026-10-24 19:00:00','Sidang Skripsi','approved'),(460,12,5,'2026-07-22 09:00:00','2026-07-22 12:00:00','Rapat Himpunan','approved'),(461,13,2,'2026-10-08 16:00:00','2026-10-08 17:00:00','Rapat Himpunan','approved'),(462,14,1,'2026-06-03 09:00:00','2026-06-03 10:00:00','Rapat Himpunan','approved'),(463,9,5,'2026-08-10 16:00:00','2026-08-10 18:00:00','Kelas Tambahan','approved'),(464,12,5,'2026-01-23 15:00:00','2026-01-23 18:00:00','Maintenance Rutin','approved'),(465,14,1,'2026-05-26 11:00:00','2026-05-26 14:00:00','Sidang Skripsi','pending'),(466,1,3,'2026-02-05 13:00:00','2026-02-05 15:00:00','Kelas Tambahan','approved'),(467,6,4,'2026-11-19 14:00:00','2026-11-19 16:00:00','Kelas Tambahan','pending'),(468,1,5,'2026-09-18 08:00:00','2026-09-18 09:00:00','Rapat Himpunan','approved'),(469,14,2,'2026-12-23 09:00:00','2026-12-23 10:00:00','Kelas Tambahan','approved'),(470,12,3,'2026-06-23 13:00:00','2026-06-23 15:00:00','Kelas Tambahan','approved'),(471,14,4,'2026-04-22 15:00:00','2026-04-22 18:00:00','Sidang Skripsi','approved'),(472,12,1,'2026-09-26 12:00:00','2026-09-26 14:00:00','Rapat Himpunan','pending'),(473,8,1,'2026-01-22 15:00:00','2026-01-22 18:00:00','Sidang Skripsi','approved'),(474,14,2,'2026-05-15 13:00:00','2026-05-15 15:00:00','Sidang Skripsi','pending'),(475,2,2,'2026-09-22 15:00:00','2026-09-22 17:00:00','Rapat Himpunan','pending'),(476,1,4,'2026-09-07 09:00:00','2026-09-07 12:00:00','Rapat Himpunan','rejected'),(477,8,1,'2026-03-23 11:00:00','2026-03-23 13:00:00','Kelas Tambahan','approved'),(478,15,2,'2026-10-24 15:00:00','2026-10-24 18:00:00','Rapat Himpunan','approved'),(479,10,3,'2026-05-18 16:00:00','2026-05-18 19:00:00','Rapat Himpunan','approved'),(480,10,2,'2026-04-26 13:00:00','2026-04-26 14:00:00','Rapat Himpunan','pending'),(481,7,4,'2026-08-21 14:00:00','2026-08-21 17:00:00','Kelas Tambahan','approved'),(482,4,4,'2026-06-12 14:00:00','2026-06-12 15:00:00','Sidang Skripsi','approved'),(483,15,3,'2026-06-20 10:00:00','2026-06-20 11:00:00','Rapat Himpunan','approved'),(484,10,5,'2026-11-15 08:00:00','2026-11-15 10:00:00','Rapat Himpunan','approved'),(485,2,4,'2026-04-10 15:00:00','2026-04-10 16:00:00','Kelas Tambahan','approved'),(486,7,2,'2026-06-08 16:00:00','2026-06-08 19:00:00','Kelas Tambahan','pending'),(487,5,3,'2026-05-17 15:00:00','2026-05-17 16:00:00','Sidang Skripsi','pending'),(488,14,5,'2026-07-05 09:00:00','2026-07-05 11:00:00','Maintenance Rutin','approved'),(489,4,2,'2026-12-23 09:00:00','2026-12-23 11:00:00','Maintenance Rutin','approved'),(490,6,2,'2026-03-06 11:00:00','2026-03-06 13:00:00','Sidang Skripsi','approved'),(491,1,2,'2026-12-08 11:00:00','2026-12-08 12:00:00','Kelas Tambahan','approved'),(492,5,1,'2026-04-12 09:00:00','2026-04-12 11:00:00','Rapat Himpunan','approved'),(493,13,4,'2026-09-23 15:00:00','2026-09-23 18:00:00','Kelas Tambahan','approved'),(494,11,1,'2026-03-03 13:00:00','2026-03-03 16:00:00','Kelas Tambahan','approved'),(495,12,2,'2026-11-24 12:00:00','2026-11-24 15:00:00','Rapat Himpunan','pending'),(496,6,2,'2026-06-08 08:00:00','2026-06-08 10:00:00','Sidang Skripsi','approved'),(497,4,3,'2026-06-28 13:00:00','2026-06-28 16:00:00','Sidang Skripsi','approved'),(498,1,4,'2026-03-06 10:00:00','2026-03-06 12:00:00','Kelas Tambahan','approved'),(499,10,3,'2026-01-11 15:00:00','2026-01-11 18:00:00','Kelas Tambahan','approved'),(500,4,1,'2026-05-19 09:00:00','2026-05-19 10:00:00','Kelas Tambahan','pending'),(501,9,2,'2026-12-26 10:00:00','2026-12-27 10:00:00','test conflict','approved');
/*!40000 ALTER TABLE `bookings` ENABLE KEYS */;
UNLOCK TABLES;

--
-- Table structure for table `rooms`
--

DROP TABLE IF EXISTS `rooms`;
/*!40101 SET @saved_cs_client     = @@character_set_client */;
/*!50503 SET character_set_client = utf8mb4 */;
CREATE TABLE `rooms` (
  `id` int NOT NULL AUTO_INCREMENT,
  `name` varchar(100) NOT NULL,
  `type` varchar(50) NOT NULL,
  `capacity` int NOT NULL,
  `is_active` tinyint(1) DEFAULT '1',
  PRIMARY KEY (`id`)
) ENGINE=InnoDB AUTO_INCREMENT=16 DEFAULT CHARSET=utf8mb4 COLLATE=utf8mb4_0900_ai_ci;
/*!40101 SET character_set_client = @saved_cs_client */;

--
-- Dumping data for table `rooms`
--

LOCK TABLES `rooms` WRITE;
/*!40000 ALTER TABLE `rooms` DISABLE KEYS */;
INSERT INTO `rooms` VALUES (1,'Lab RPL','lab',40,1),(2,'Lab Jaringan','lab',40,1),(3,'Lab Multimedia','lab',35,0),(4,'Lab Hardware','lab',30,1),(5,'Lab AI & Data','lab',40,1),(6,'R. 201 (Teori)','kelas',60,1),(7,'R. 202 (Teori)','kelas',60,1),(8,'R. 203 (Teori)','kelas',50,1),(9,'R. 301 (Diskusi)','kelas',30,1),(10,'R. 302 (Diskusi)','kelas',30,1),(11,'Aula Serbaguna','aula',200,1),(12,'Auditorium Utama','aula',500,1),(13,'R. Sidang A','kelas',20,0),(14,'R. Sidang B','kelas',20,0),(15,'Gudang Arsip','gudang',0,0);
/*!40000 ALTER TABLE `rooms` ENABLE KEYS */;
UNLOCK TABLES;

--
-- Table structure for table `users`
--

DROP TABLE IF EXISTS `users`;
/*!40101 SET @saved_cs_client     = @@character_set_client */;
/*!50503 SET character_set_client = utf8mb4 */;
CREATE TABLE `users` (
  `id` int NOT NULL AUTO_INCREMENT,
  `name` varchar(100) NOT NULL,
  `role` enum('admin','user') NOT NULL,
  `email` varchar(100) NOT NULL,
  `password` varchar(255) NOT NULL,
  PRIMARY KEY (`id`),
  UNIQUE KEY `email` (`email`)
) ENGINE=InnoDB AUTO_INCREMENT=6 DEFAULT CHARSET=utf8mb4 COLLATE=utf8mb4_0900_ai_ci;
/*!40101 SET character_set_client = @saved_cs_client */;

--
-- Dumping data for table `users`
--

LOCK TABLES `users` WRITE;
/*!40000 ALTER TABLE `users` DISABLE KEYS */;
INSERT INTO `users` VALUES (1,'Super Admin','admin','admin@iti.ac.id','$2a$10$AeBaLqxkdZ.M7Pq2D.sMm.1CzkNeBvSqCT/EYVw57VIkNmv/jLq9y'),(2,'Dosen Pemdas','user','dosen@iti.ac.id','$2a$10$AeBaLqxkdZ.M7Pq2D.sMm.1CzkNeBvSqCT/EYVw57VIkNmv/jLq9y'),(3,'Kepala Lab','user','kalab@iti.ac.id','$2a$10$AeBaLqxkdZ.M7Pq2D.sMm.1CzkNeBvSqCT/EYVw57VIkNmv/jLq9y'),(4,'Admin Prodi','admin','prodi@iti.ac.id','$2a$10$AeBaLqxkdZ.M7Pq2D.sMm.1CzkNeBvSqCT/EYVw57VIkNmv/jLq9y'),(5,'Mahasiswa BEM','user','bem@iti.ac.id','$2a$10$AeBaLqxkdZ.M7Pq2D.sMm.1CzkNeBvSqCT/EYVw57VIkNmv/jLq9y');
/*!40000 ALTER TABLE `users` ENABLE KEYS */;
UNLOCK TABLES;
SET @@SESSION.SQL_LOG_BIN = @MYSQLDUMP_TEMP_LOG_BIN;
/*!40103 SET TIME_ZONE=@OLD_TIME_ZONE */;

/*!40101 SET SQL_MODE=@OLD_SQL_MODE */;
/*!40014 SET FOREIGN_KEY_CHECKS=@OLD_FOREIGN_KEY_CHECKS */;
/*!40014 SET UNIQUE_CHECKS=@OLD_UNIQUE_CHECKS */;
/*!40101 SET CHARACTER_SET_CLIENT=@OLD_CHARACTER_SET_CLIENT */;
/*!40101 SET CHARACTER_SET_RESULTS=@OLD_CHARACTER_SET_RESULTS */;
/*!40101 SET COLLATION_CONNECTION=@OLD_COLLATION_CONNECTION */;
/*!40111 SET SQL_NOTES=@OLD_SQL_NOTES */;

-- Dump completed on 2026-01-20 13:34:04
